protein_id,group
9606.ENSP00000262965,Antibody
9606.ENSP00000358501,Antibody
9606.ENSP00000480507,Antibody
9606.ENSP00000482241,Antibody
9606.ENSP00000478645,Antibody
9606.ENSP00000372724,Antibody
9606.ENSP00000377447,Antibody
9606.ENSP00000381480,Antibody
9606.ENSP00000266556,Antibody
9606.ENSP00000248948,Antibody
9606.ENSP00000323300,Antibody
9606.ENSP00000403982,Antibody
9606.ENSP00000363773,Antibody
9606.ENSP00000204726,Antibody
9606.ENSP00000334714,Antibody
9606.ENSP00000244096,Antibody
9606.ENSP00000355014,Antibody
9606.ENSP00000251296,Antibody
9606.ENSP00000364016,Antibody
9606.ENSP00000276241,Antibody
9606.ENSP00000481841,Antibody
9606.ENSP00000259951,Antibody
9606.ENSP00000484431,Antibody
9606.ENSP00000316012,Antibody
9606.ENSP00000368458,Antibody
9606.ENSP00000305988,Antibody
9606.ENSP00000495612,Antibody
9606.ENSP00000352172,Antibody
9606.ENSP00000377370,Antibody
9606.ENSP00000313967,Antibody
9606.ENSP00000332602,Antibody
9606.ENSP00000371117,Antibody
9606.ENSP00000381237,Antibody
9606.ENSP00000216037,Antibody
9606.ENSP00000409832,Antibody
9606.ENSP00000361177,Antibody
9606.ENSP00000330862,Antibody
9606.ENSP00000415941,Antibody
9606.ENSP00000396688,Antibody
9606.ENSP00000364978,Antibody
9606.ENSP00000262315,Antibody
9606.ENSP00000247306,Antibody
9606.ENSP00000320324,Antibody
9606.ENSP00000282466,Antibody
9606.ENSP00000368273,Antibody
9606.ENSP00000271064,Antibody
9606.ENSP00000382334,Antibody
9606.ENSP00000390070,Antibody
9606.ENSP00000364985,Antibody
9606.ENSP00000427342,Antibody
9606.ENSP00000466561,Antibody
9606.ENSP00000370588,Antibody
9606.ENSP00000414253,Antibody
9606.ENSP00000411909,Antibody
9606.ENSP00000398890,Antibody
9606.ENSP00000357073,Antibody
9606.ENSP00000258787,Antibody
9606.ENSP00000334644,Antibody
9606.ENSP00000484668,Antibody
9606.ENSP00000263665,Antibody
9606.ENSP00000483811,Antibody
9606.ENSP00000206020,Antibody
9606.ENSP00000497916,Antibody
9606.ENSP00000376786,Antibody
9606.ENSP00000312027,Antibody
9606.ENSP00000314151,Antibody
9606.ENSP00000364752,Antibody
9606.ENSP00000410400,Antibody
9606.ENSP00000284818,Antibody
9606.ENSP00000481184,Antibody
9606.ENSP00000229135,Antibody
9606.ENSP00000268389,Antibody
9606.ENSP00000480637,Antibody
9606.ENSP00000291582,Antibody
9606.ENSP00000289448,Antibody
9606.ENSP00000363330,Antibody
9606.ENSP00000351314,Antibody
9606.ENSP00000312021,Antibody
9606.ENSP00000353401,Antibody
9606.ENSP00000361366,Antibody
9606.ENSP00000332592,Antibody
9606.ENSP00000256447,Antibody
9606.ENSP00000259782,Antibody
9606.ENSP00000355396,Antibody
9606.ENSP00000357123,Antibody
9606.ENSP00000305603,Antibody
9606.ENSP00000396722,Antibody
9606.ENSP00000400908,Antibody
9606.ENSP00000317955,Antibody
9606.ENSP00000357080,Antibody
9606.ENSP00000491969,Antibody
9606.ENSP00000349678,Antibody
9606.ENSP00000301272,Antibody
9606.ENSP00000416249,Antibody
9606.ENSP00000497653,Antibody
9606.ENSP00000496848,Antibody
9606.ENSP00000354660,Antibody
9606.ENSP00000407822,Antibody
9606.ENSP00000332773,Antibody
9606.ENSP00000370886,Antibody
9606.ENSP00000249842,Antibody
9606.ENSP00000364992,Antibody
9606.ENSP00000356842,Antibody
9606.ENSP00000354837,Antibody
9606.ENSP00000355198,Antibody
9606.ENSP00000380903,Antibody
9606.ENSP00000263341,Antibody
9606.ENSP00000361048,Antibody
9606.ENSP00000391488,Antibody
9606.ENSP00000237853,Antibody
9606.ENSP00000310036,Antibody
9606.ENSP00000404432,Antibody
9606.ENSP00000466880,Antibody
9606.ENSP00000475107,Antibody
9606.ENSP00000368304,Antibody
9606.ENSP00000368320,Antibody
9606.ENSP00000470185,Antibody
9606.ENSP00000244336,Antibody
9606.ENSP00000329312,Antibody
9606.ENSP00000370343,Antibody
9606.ENSP00000384214,Antibody
9606.ENSP00000252593,Antibody
9606.ENSP00000371958,Antibody
9606.ENSP00000482678,Antibody
9606.ENSP00000264246,Antibody
9606.ENSP00000354912,Antibody
9606.ENSP00000382871,Antibody
9606.ENSP00000310170,Antibody
9606.ENSP00000369075,Antibody
9606.ENSP00000351602,Antibody
9606.ENSP00000483619,Antibody
9606.ENSP00000274766,Antibody
9606.ENSP00000484601,Antibody
9606.ENSP00000439601,Antibody
9606.ENSP00000363770,Antibody
9606.ENSP00000364847,Antibody
9606.ENSP00000303061,Antibody
9606.ENSP00000388850,Antibody
9606.ENSP00000491865,Antibody
9606.ENSP00000360961,Antibody
9606.ENSP00000371141,Antibody
9606.ENSP00000483585,Antibody
9606.ENSP00000314556,Antibody
9606.ENSP00000369411,Antibody
9606.ENSP00000449386,Antibody
9606.ENSP00000318684,Antibody
9606.ENSP00000318914,Antibody
9606.ENSP00000408204,Antibody
9606.ENSP00000366091,Antibody
9606.ENSP00000384371,Antibody
9606.ENSP00000319476,Antibody
9606.ENSP00000255078,Antibody
9606.ENSP00000491467,Antibody
9606.ENSP00000218068,Antibody
9606.ENSP00000356840,Antibody
9606.ENSP00000424007,Antibody
9606.ENSP00000397103,Antibody
9606.ENSP00000350332,Antibody
9606.ENSP00000387498,Antibody
9606.ENSP00000321445,Antibody
9606.ENSP00000389513,Antibody
9606.ENSP00000483018,Antibody
9606.ENSP00000479608,Antibody
9606.ENSP00000363993,Antibody
9606.ENSP00000398559,Antibody
9606.ENSP00000390613,Antibody
9606.ENSP00000291688,Antibody
9606.ENSP00000373450,Antibody
9606.ENSP00000355421,Antibody
9606.ENSP00000317891,Antibody
9606.ENSP00000308970,Antibody
9606.ENSP00000399711,Antibody
9606.ENSP00000300404,Antibody
9606.ENSP00000221992,Antibody
9606.ENSP00000055077,Antibody
9606.ENSP00000324101,Antibody
9606.ENSP00000395294,Antibody
9606.ENSP00000431254,Antibody
9606.ENSP00000340982,Antibody
9606.ENSP00000402758,Antibody
9606.ENSP00000429344,Antibody
9606.ENSP00000337804,Antibody
9606.ENSP00000368264,Antibody
9606.ENSP00000490139,Antibody
9606.ENSP00000320563,Antibody
9606.ENSP00000366937,Antibody
9606.ENSP00000261503,Antibody
9606.ENSP00000304364,Antibody
9606.ENSP00000305875,Antibody
9606.ENSP00000304903,Antibody
9606.ENSP00000385361,Antibody
9606.ENSP00000379174,Antibody
9606.ENSP00000438293,Antibody
9606.ENSP00000313752,Antibody
9606.ENSP00000301258,Antibody
9606.ENSP00000227155,Antibody
9606.ENSP00000466022,Antibody
9606.ENSP00000385592,Antibody
9606.ENSP00000400046,Antibody
9606.ENSP00000243314,Antibody
9606.ENSP00000255120,Antibody
9606.ENSP00000480322,Antibody
9606.ENSP00000362457,Antibody
9606.ENSP00000413861,Antibody
9606.ENSP00000419411,Antibody
9606.ENSP00000229829,Antibody
9606.ENSP00000371475,Antibody
9606.ENSP00000298296,Antibody
9606.ENSP00000259633,Antibody
9606.ENSP00000384886,Antibody
9606.ENSP00000431603,Antibody
9606.ENSP00000343023,Antibody
9606.ENSP00000343493,Antibody
9606.ENSP00000255499,Antibody
9606.ENSP00000330200,Antibody
9606.ENSP00000376911,Antibody
9606.ENSP00000006724,Antibody
9606.ENSP00000421861,Antibody
9606.ENSP00000349143,Antibody
9606.ENSP00000473093,Antibody
9606.ENSP00000389176,Antibody
9606.ENSP00000425493,Antibody
9606.ENSP00000257336,Antibody
9606.ENSP00000372910,Antibody
9606.ENSP00000337432,Antibody
9606.ENSP00000368266,Antibody
9606.ENSP00000473036,Antibody
9606.ENSP00000376272,Antibody
9606.ENSP00000415283,Antibody
9606.ENSP00000332404,Antibody
9606.ENSP00000226730,Antibody
9606.ENSP00000335006,Antibody
9606.ENSP00000478725,Antibody
9606.ENSP00000292430,Antibody
9606.ENSP00000355506,Antibody
9606.ENSP00000357065,Antibody
9606.ENSP00000343706,Antibody
9606.ENSP00000199764,Antibody
9606.ENSP00000335623,Antibody
9606.ENSP00000369962,Antibody
9606.ENSP00000364766,Antibody
9606.ENSP00000319623,Antibody
9606.ENSP00000325708,Antibody
9606.ENSP00000402219,Antibody
9606.ENSP00000419000,Antibody
9606.ENSP00000483637,Antibody
9606.ENSP00000285879,Antibody
9606.ENSP00000372155,Antibody
9606.ENSP00000326759,Antibody
9606.ENSP00000160262,Antibody
9606.ENSP00000228468,Transporter
9606.ENSP00000428137,Transporter
9606.ENSP00000493515,Transporter
9606.ENSP00000269228,Transporter
9606.ENSP00000316482,Transporter
9606.ENSP00000482613,Transporter
9606.ENSP00000297991,Transporter
9606.ENSP00000372924,Transporter
9606.ENSP00000265686,Transporter
9606.ENSP00000294413,Transporter
9606.ENSP00000278379,Transporter
9606.ENSP00000426167,Transporter
9606.ENSP00000322991,Transporter
9606.ENSP00000370635,Transporter
9606.ENSP00000328813,Transporter
9606.ENSP00000434241,Transporter
9606.ENSP00000470652,Transporter
9606.ENSP00000260126,Transporter
9606.ENSP00000358358,Transporter
9606.ENSP00000338988,Transporter
9606.ENSP00000421377,Transporter
9606.ENSP00000328511,Transporter
9606.ENSP00000332771,Transporter
9606.ENSP00000349456,Transporter
9606.ENSP00000391498,Transporter
9606.ENSP00000411096,Transporter
9606.ENSP00000325296,Transporter
9606.ENSP00000329926,Transporter
9606.ENSP00000448071,Transporter
9606.ENSP00000451206,Transporter
9606.ENSP00000293599,Transporter
9606.ENSP00000366942,Transporter
9606.ENSP00000275230,Transporter
9606.ENSP00000497931,Transporter
9606.ENSP00000205557,Transporter
9606.ENSP00000461382,Transporter
9606.ENSP00000264930,Transporter
9606.ENSP00000357901,Transporter
9606.ENSP00000386962,Transporter
9606.ENSP00000219833,Transporter
9606.ENSP00000253270,Transporter
9606.ENSP00000325561,Transporter
9606.ENSP00000399585,Transporter
9606.ENSP00000318355,Transporter
9606.ENSP00000266376,Transporter
9606.ENSP00000380666,Transporter
9606.ENSP00000498282,Transporter
9606.ENSP00000358794,Transporter
9606.ENSP00000389277,Transporter
9606.ENSP00000318770,Transporter
9606.ENSP00000357389,Transporter
9606.ENSP00000409382,Transporter
9606.ENSP00000480703,Transporter
9606.ENSP00000347454,Transporter
9606.ENSP00000323568,Transporter
9606.ENSP00000363852,Transporter
9606.ENSP00000400839,Transporter
9606.ENSP00000464231,Transporter
9606.ENSP00000344820,Transporter
9606.ENSP00000339260,Transporter
9606.ENSP00000440329,Transporter
9606.ENSP00000473469,Transporter
9606.ENSP00000329200,Transporter
9606.ENSP00000231706,Transporter
9606.ENSP00000369810,Transporter
9606.ENSP00000420919,Transporter
9606.ENSP00000326671,Transporter
9606.ENSP00000261889,Transporter
9606.ENSP00000305449,Transporter
9606.ENSP00000308895,Transporter
9606.ENSP00000223641,Transporter
9606.ENSP00000313050,Transporter
9606.ENSP00000428845,Transporter
9606.ENSP00000466664,Transporter
9606.ENSP00000496339,Transporter
9606.ENSP00000358786,Transporter
9606.ENSP00000361173,Transporter
9606.ENSP00000264047,Transporter
9606.ENSP00000275227,Transporter
9606.ENSP00000280772,Transporter
9606.ENSP00000334216,Transporter
9606.ENSP00000368981,Transporter
9606.ENSP00000445595,Transporter
9606.ENSP00000264773,Transporter
9606.ENSP00000476815,Transporter
9606.ENSP00000385312,Transporter
9606.ENSP00000443216,Transporter
9606.ENSP00000344831,Transporter
9606.ENSP00000309504,Transporter
9606.ENSP00000390637,Transporter
9606.ENSP00000399136,Transporter
9606.ENSP00000393557,Transporter
9606.ENSP00000253122,Transporter
9606.ENSP00000297524,Transporter
9606.ENSP00000348211,Transporter
9606.ENSP00000370192,Transporter
9606.ENSP00000386766,Transporter
9606.ENSP00000409594,Transporter
9606.ENSP00000356105,Transporter
9606.ENSP00000256958,Transporter
9606.ENSP00000320236,Transporter
9606.ENSP00000432504,Transporter
9606.ENSP00000357588,Transporter
9606.ENSP00000262461,Transporter
9606.ENSP00000296358,Transporter
9606.ENSP00000369383,Transporter
9606.ENSP00000479953,Transporter
9606.ENSP00000365441,Transporter
9606.ENSP00000364295,Transporter
9606.ENSP00000383199,Transporter
9606.ENSP00000261024,Transporter
9606.ENSP00000266579,Transporter
9606.ENSP00000455041,Transporter
9606.ENSP00000500333,Transporter
9606.ENSP00000272433,Transporter
9606.ENSP00000377840,Transporter
9606.ENSP00000496954,Transporter
9606.ENSP00000236495,Transporter
9606.ENSP00000309945,Transporter
9606.ENSP00000367081,Transporter
9606.ENSP00000335292,Transporter
9606.ENSP00000357998,Transporter
9606.ENSP00000267889,Transporter
9606.ENSP00000368411,Transporter
9606.ENSP00000498322,Transporter
9606.ENSP00000248121,Transporter
9606.ENSP00000306497,Transporter
9606.ENSP00000396915,Transporter
9606.ENSP00000259746,Transporter
9606.ENSP00000393066,Transporter
9606.ENSP00000488024,Transporter
9606.ENSP00000415011,Transporter
9606.ENSP00000328478,Transporter
9606.ENSP00000326693,Transporter
9606.ENSP00000387549,Transporter
9606.ENSP00000498533,Transporter
9606.ENSP00000419952,Transporter
9606.ENSP00000355577,Transporter
9606.ENSP00000225823,Transporter
9606.ENSP00000318960,Transporter
9606.ENSP00000385142,Transporter
9606.ENSP00000434364,Transporter
9606.ENSP00000365714,Transporter
9606.ENSP00000270349,Transporter
9606.ENSP00000306881,Transporter
9606.ENSP00000350786,Transporter
9606.ENSP00000215882,Transporter
9606.ENSP00000228318,Transporter
9606.ENSP00000354886,Transporter
9606.ENSP00000290374,Transporter
9606.ENSP00000289547,Transporter
9606.ENSP00000331727,Transporter
9606.ENSP00000218176,Transporter
9606.ENSP00000379531,Transporter
9606.ENSP00000359621,Transporter
9606.ENSP00000494468,Transporter
9606.ENSP00000294818,Transporter
9606.ENSP00000290310,Transporter
9606.ENSP00000346298,Transporter
9606.ENSP00000269740,Transporter
9606.ENSP00000261917,Transporter
9606.ENSP00000355920,Transporter
9606.ENSP00000360855,Transporter
9606.ENSP00000312811,Transporter
9606.ENSP00000326305,Transporter
9606.ENSP00000159087,Transporter
9606.ENSP00000332646,Transporter
9606.ENSP00000341963,Transporter
9606.ENSP00000371180,Transporter
9606.ENSP00000413496,Transporter
9606.ENSP00000286808,Transporter
9606.ENSP00000380659,Transporter
9606.ENSP00000384744,Transporter
9606.ENSP00000278426,Transporter
9606.ENSP00000452086,Transporter
9606.ENSP00000378145,Transporter
9606.ENSP00000295190,Transporter
9606.ENSP00000394168,Transporter
9606.ENSP00000419235,Transporter
9606.ENSP00000282146,Transporter
9606.ENSP00000498198,Transporter
9606.ENSP00000419126,Transporter
9606.ENSP00000355637,Transporter
9606.ENSP00000359172,Transporter
9606.ENSP00000343339,Transporter
9606.ENSP00000346955,Transporter
9606.ENSP00000339867,Transporter
9606.ENSP00000418994,Transporter
9606.ENSP00000487785,Transporter
9606.ENSP00000363329,Transporter
9606.ENSP00000262186,Transporter
9606.ENSP00000361635,Transporter
9606.ENSP00000389326,Transporter
9606.ENSP00000446242,Transporter
9606.ENSP00000371483,Transporter
9606.ENSP00000355192,Transporter
9606.ENSP00000476519,Transporter
9606.ENSP00000402760,Transporter
9606.ENSP00000284425,Transporter
9606.ENSP00000433295,Transporter
9606.ENSP00000294454,Transporter
9606.ENSP00000383698,Transporter
9606.ENSP00000231948,Transporter
9606.ENSP00000438949,Transporter
9606.ENSP00000480514,Transporter
9606.ENSP00000330199,Transporter
9606.ENSP00000490812,Transporter
9606.ENSP00000289932,Transporter
9606.ENSP00000222248,Transporter
9606.ENSP00000219207,Transporter
9606.ENSP00000348752,Transporter
9606.ENSP00000216540,Transporter
9606.ENSP00000373518,Transporter
9606.ENSP00000404265,Transporter
9606.ENSP00000275730,Transporter
9606.ENSP00000075120,Transporter
9606.ENSP00000322649,Transporter
9606.ENSP00000384881,Transporter
9606.ENSP00000443204,Transporter
9606.ENSP00000308122,Transporter
9606.ENSP00000262352,Transporter
9606.ENSP00000419101,Transporter
9606.ENSP00000307786,Transporter
9606.ENSP00000493351,Transporter
9606.ENSP00000254976,Transporter
9606.ENSP00000491377,Transporter
9606.ENSP00000352941,Transporter
9606.ENSP00000272542,Transporter
9606.ENSP00000378487,Transporter
9606.ENSP00000337452,Transporter
9606.ENSP00000365253,Transporter
9606.ENSP00000497423,Transporter
9606.ENSP00000369699,Transporter
9606.ENSP00000367173,Transporter
9606.ENSP00000418572,Transporter
9606.ENSP00000265113,Transporter
9606.ENSP00000259154,Transporter
9606.ENSP00000362135,Transporter
9606.ENSP00000258111,Transporter
9606.ENSP00000337335,Transporter
9606.ENSP00000251768,Transporter
9606.ENSP00000320247,Transporter
9606.ENSP00000354721,Transporter
9606.ENSP00000252590,Transporter
9606.ENSP00000262507,Transporter
9606.ENSP00000301454,Transporter
9606.ENSP00000255226,Transporter
9606.ENSP00000337618,Transporter
9606.ENSP00000363023,Transporter
9606.ENSP00000471683,Transporter
9606.ENSP00000277903,Enzyme
9606.ENSP00000366488,Enzyme
9606.ENSP00000243776,Enzyme
9606.ENSP00000310933,Enzyme
9606.ENSP00000262506,Enzyme
9606.ENSP00000375909,Enzyme
9606.ENSP00000478561,Enzyme
9606.ENSP00000360561,Enzyme
9606.ENSP00000360215,Enzyme
9606.ENSP00000349577,Enzyme
9606.ENSP00000300179,Enzyme
9606.ENSP00000337572,Enzyme
9606.ENSP00000264162,Enzyme
9606.ENSP00000353864,Enzyme
9606.ENSP00000344666,Enzyme
9606.ENSP00000400880,Enzyme
9606.ENSP00000380044,Enzyme
9606.ENSP00000472109,Enzyme
9606.ENSP00000359520,Enzyme
9606.ENSP00000300648,Enzyme
9606.ENSP00000306397,Enzyme
9606.ENSP00000301175,Enzyme
9606.ENSP00000458316,Enzyme
9606.ENSP00000445757,Enzyme
9606.ENSP00000221462,Enzyme
9606.ENSP00000484403,Enzyme
9606.ENSP00000393183,Enzyme
9606.ENSP00000398803,Enzyme
9606.ENSP00000490297,Enzyme
9606.ENSP00000325074,Enzyme
9606.ENSP00000370555,Enzyme
9606.ENSP00000337194,Enzyme
9606.ENSP00000381535,Enzyme
9606.ENSP00000358421,Enzyme
9606.ENSP00000363921,Enzyme
9606.ENSP00000254521,Enzyme
9606.ENSP00000460380,Enzyme
9606.ENSP00000364166,Enzyme
9606.ENSP00000414624,Enzyme
9606.ENSP00000330918,Enzyme
9606.ENSP00000328694,Enzyme
9606.ENSP00000443965,Enzyme
9606.ENSP00000301037,Enzyme
9606.ENSP00000280701,Enzyme
9606.ENSP00000324203,Enzyme
9606.ENSP00000368452,Enzyme
9606.ENSP00000280295,Enzyme
9606.ENSP00000362273,Enzyme
9606.ENSP00000495965,Enzyme
9606.ENSP00000348959,Enzyme
9606.ENSP00000387246,Enzyme
9606.ENSP00000478298,Enzyme
9606.ENSP00000264093,Enzyme
9606.ENSP00000354665,Enzyme
9606.ENSP00000362873,Enzyme
9606.ENSP00000361777,Enzyme
9606.ENSP00000333685,Enzyme
9606.ENSP00000364512,Enzyme
9606.ENSP00000482899,Enzyme
9606.ENSP00000476176,Enzyme
9606.ENSP00000357883,Enzyme
9606.ENSP00000180173,Enzyme
9606.ENSP00000301761,Enzyme
9606.ENSP00000466363,Enzyme
9606.ENSP00000294383,Enzyme
9606.ENSP00000282412,Enzyme
9606.ENSP00000483519,Enzyme
9606.ENSP00000359665,Enzyme
9606.ENSP00000359211,Enzyme
9606.ENSP00000411152,Enzyme
9606.ENSP00000370938,Enzyme
9606.ENSP00000296679,Enzyme
9606.ENSP00000368884,Enzyme
9606.ENSP00000417748,Enzyme
9606.ENSP00000256722,Enzyme
9606.ENSP00000358223,Enzyme
9606.ENSP00000263177,Enzyme
9606.ENSP00000348299,Enzyme
9606.ENSP00000455229,Enzyme
9606.ENSP00000312250,Enzyme
9606.ENSP00000322532,Enzyme
9606.ENSP00000387180,Enzyme
9606.ENSP00000396452,Enzyme
9606.ENSP00000437464,Enzyme
9606.ENSP00000386213,Enzyme
9606.ENSP00000332887,Enzyme
9606.ENSP00000419782,Enzyme
9606.ENSP00000354961,Enzyme
9606.ENSP00000365174,Enzyme
9606.ENSP00000418915,Enzyme
9606.ENSP00000359991,Enzyme
9606.ENSP00000381588,Enzyme
9606.ENSP00000370531,Enzyme
9606.ENSP00000294964,Enzyme
9606.ENSP00000378769,Enzyme
9606.ENSP00000409906,Enzyme
9606.ENSP00000427264,Enzyme
9606.ENSP00000268379,Enzyme
9606.ENSP00000452280,Enzyme
9606.ENSP00000366047,Enzyme
9606.ENSP00000397908,Enzyme
9606.ENSP00000479745,Enzyme
9606.ENSP00000391090,Enzyme
9606.ENSP00000417659,Enzyme
9606.ENSP00000483631,Enzyme
9606.ENSP00000353720,Enzyme
9606.ENSP00000258499,Enzyme
9606.ENSP00000350353,Enzyme
9606.ENSP00000398698,Enzyme
9606.ENSP00000313420,Enzyme
9606.ENSP00000263966,Enzyme
9606.ENSP00000401645,Enzyme
9606.ENSP00000375080,Enzyme
9606.ENSP00000378360,Enzyme
9606.ENSP00000452885,Enzyme
9606.ENSP00000361982,Enzyme
9606.ENSP00000204679,Enzyme
9606.ENSP00000216780,Enzyme
9606.ENSP00000302393,Enzyme
9606.ENSP00000321260,Enzyme
9606.ENSP00000376184,Enzyme
9606.ENSP00000469158,Enzyme
9606.ENSP00000305924,Enzyme
9606.ENSP00000499935,Enzyme
9606.ENSP00000376506,Enzyme
9606.ENSP00000417763,Enzyme
9606.ENSP00000289104,Enzyme
9606.ENSP00000480270,Enzyme
9606.ENSP00000480091,Enzyme
9606.ENSP00000336740,Enzyme
9606.ENSP00000295256,Enzyme
9606.ENSP00000369618,Enzyme
9606.ENSP00000419060,Enzyme
9606.ENSP00000283632,Enzyme
9606.ENSP00000301046,Enzyme
9606.ENSP00000369566,Enzyme
9606.ENSP00000385749,Enzyme
9606.ENSP00000311713,Enzyme
9606.ENSP00000452762,Enzyme
9606.ENSP00000497280,Enzyme
9606.ENSP00000385277,Enzyme
9606.ENSP00000284202,Enzyme
9606.ENSP00000354813,Enzyme
9606.ENSP00000216338,Enzyme
9606.ENSP00000378760,Enzyme
9606.ENSP00000463154,Enzyme
9606.ENSP00000377224,Enzyme
9606.ENSP00000370115,Enzyme
9606.ENSP00000368887,Enzyme
9606.ENSP00000437550,Enzyme
9606.ENSP00000466898,Enzyme
9606.ENSP00000483552,Enzyme
9606.ENSP00000263955,Enzyme
9606.ENSP00000376453,Enzyme
9606.ENSP00000377807,Enzyme
9606.ENSP00000355261,Enzyme
9606.ENSP00000389009,Enzyme
9606.ENSP00000363092,Enzyme
9606.ENSP00000301962,Enzyme
9606.ENSP00000301149,Enzyme
9606.ENSP00000244043,Enzyme
9606.ENSP00000219789,Enzyme
9606.ENSP00000362217,Enzyme
9606.ENSP00000363255,Enzyme
9606.ENSP00000482548,Enzyme
9606.ENSP00000322706,Enzyme
9606.ENSP00000364650,Enzyme
9606.ENSP00000371253,Enzyme
9606.ENSP00000475986,Enzyme
9606.ENSP00000242465,Enzyme
9606.ENSP00000234313,Enzyme
9606.ENSP00000331376,Enzyme
9606.ENSP00000222286,Enzyme
9606.ENSP00000354991,Enzyme
9606.ENSP00000385571,Enzyme
9606.ENSP00000450040,Enzyme
9606.ENSP00000370139,Enzyme
9606.ENSP00000296412,Enzyme
9606.ENSP00000261304,Enzyme
9606.ENSP00000228510,Enzyme
9606.ENSP00000404203,Enzyme
9606.ENSP00000410186,Enzyme
9606.ENSP00000382083,Enzyme
9606.ENSP00000480492,Enzyme
9606.ENSP00000318486,Enzyme
9606.ENSP00000215659,Enzyme
9606.ENSP00000472929,Enzyme
9606.ENSP00000306340,Enzyme
9606.ENSP00000369574,Enzyme
9606.ENSP00000342105,Enzyme
9606.ENSP00000364145,Enzyme
9606.ENSP00000263035,Enzyme
9606.ENSP00000363943,Enzyme
9606.ENSP00000385727,Enzyme
9606.ENSP00000308149,Enzyme
9606.ENSP00000375892,Enzyme
9606.ENSP00000457788,Enzyme
9606.ENSP00000261733,Enzyme
9606.ENSP00000261918,Enzyme
9606.ENSP00000353824,Enzyme
9606.ENSP00000327589,Enzyme
9606.ENSP00000316948,Enzyme
9606.ENSP00000370625,Enzyme
9606.ENSP00000361471,Enzyme
9606.ENSP00000263791,Enzyme
9606.ENSP00000343144,Enzyme
9606.ENSP00000392553,Enzyme
9606.ENSP00000319255,Enzyme
9606.ENSP00000458977,Enzyme
9606.ENSP00000364486,Enzyme
9606.ENSP00000291565,Enzyme
9606.ENSP00000344331,Enzyme
9606.ENSP00000233057,Enzyme
9606.ENSP00000274137,Enzyme
9606.ENSP00000303147,Enzyme
9606.ENSP00000354671,Enzyme
9606.ENSP00000454341,Enzyme
9606.ENSP00000355046,Enzyme
9606.ENSP00000408695,Enzyme
9606.ENSP00000281182,Enzyme
9606.ENSP00000359552,Enzyme
9606.ENSP00000361186,Enzyme
9606.ENSP00000215909,Enzyme
9606.ENSP00000229268,Enzyme
9606.ENSP00000349805,Enzyme
9606.ENSP00000362146,Enzyme
9606.ENSP00000375711,Enzyme
9606.ENSP00000401853,Enzyme
9606.ENSP00000364008,Enzyme
9606.ENSP00000344140,Enzyme
9606.ENSP00000483888,Enzyme
9606.ENSP00000345984,Enzyme
9606.ENSP00000311833,Enzyme
9606.ENSP00000222482,Enzyme
9606.ENSP00000326219,Enzyme
9606.ENSP00000356169,Enzyme
9606.ENSP00000258317,Enzyme
9606.ENSP00000414066,Enzyme
9606.ENSP00000495795,Enzyme
9606.ENSP00000370737,Enzyme
9606.ENSP00000357787,Enzyme
9606.ENSP00000262215,Enzyme
9606.ENSP00000342109,Enzyme
9606.ENSP00000295006,Enzyme
9606.ENSP00000368798,Enzyme
9606.ENSP00000216492,Enzyme
9606.ENSP00000497588,Enzyme
9606.ENSP00000435835,Enzyme
9606.ENSP00000288828,Enzyme
9606.ENSP00000335628,Enzyme
9606.ENSP00000258443,Receptor
9606.ENSP00000353731,Receptor
9606.ENSP00000312649,Receptor
9606.ENSP00000053469,Receptor
9606.ENSP00000299314,Receptor
9606.ENSP00000297313,Receptor
9606.ENSP00000394282,Receptor
9606.ENSP00000357127,Receptor
9606.ENSP00000319197,Receptor
9606.ENSP00000259030,Receptor
9606.ENSP00000292301,Receptor
9606.ENSP00000381105,Receptor
9606.ENSP00000481570,Receptor
9606.ENSP00000436453,Receptor
9606.ENSP00000437872,Receptor
9606.ENSP00000445383,Receptor
9606.ENSP00000366970,Receptor
9606.ENSP00000285735,Receptor
9606.ENSP00000303942,Receptor
9606.ENSP00000342836,Receptor
9606.ENSP00000282041,Receptor
9606.ENSP00000449960,Receptor
9606.ENSP00000283225,Receptor
9606.ENSP00000485156,Receptor
9606.ENSP00000329471,Receptor
9606.ENSP00000352447,Receptor
9606.ENSP00000279783,Receptor
9606.ENSP00000370473,Receptor
9606.ENSP00000334329,Receptor
9606.ENSP00000402060,Receptor
9606.ENSP00000484618,Receptor
9606.ENSP00000352626,Receptor
9606.ENSP00000326247,Receptor
9606.ENSP00000336729,Receptor
9606.ENSP00000307156,Receptor
9606.ENSP00000310658,Receptor
9606.ENSP00000478699,Receptor
9606.ENSP00000493034,Receptor
9606.ENSP00000386862,Receptor
9606.ENSP00000307822,Receptor
9606.ENSP00000386741,Receptor
9606.ENSP00000308764,Receptor
9606.ENSP00000259357,Receptor
9606.ENSP00000317482,Receptor
9606.ENSP00000498702,Receptor
9606.ENSP00000384708,Receptor
9606.ENSP00000262259,Receptor
9606.ENSP00000381859,Receptor
9606.ENSP00000380283,Receptor
9606.ENSP00000374309,Receptor
9606.ENSP00000411831,Receptor
9606.ENSP00000383558,Receptor
9606.ENSP00000493016,Receptor
9606.ENSP00000225831,Receptor
9606.ENSP00000497734,Receptor
9606.ENSP00000432660,Receptor
9606.ENSP00000312403,Receptor
9606.ENSP00000497444,Receptor
9606.ENSP00000493162,Receptor
9606.ENSP00000360538,Receptor
9606.ENSP00000240618,Receptor
9606.ENSP00000419692,Receptor
9606.ENSP00000359793,Receptor
9606.ENSP00000249389,Receptor
9606.ENSP00000297107,Receptor
9606.ENSP00000367125,Receptor
9606.ENSP00000496870,Receptor
9606.ENSP00000307449,Receptor
9606.ENSP00000406197,Receptor
9606.ENSP00000303325,Receptor
9606.ENSP00000244623,Receptor
9606.ENSP00000265643,Receptor
9606.ENSP00000218316,Receptor
9606.ENSP00000309968,Receptor
9606.ENSP00000364404,Receptor
9606.ENSP00000377061,Receptor
9606.ENSP00000313110,Receptor
9606.ENSP00000360973,Receptor
9606.ENSP00000380247,Receptor
9606.ENSP00000344996,Receptor
9606.ENSP00000289753,Receptor
9606.ENSP00000420267,Receptor
9606.ENSP00000257068,Receptor
9606.ENSP00000368683,Receptor
9606.ENSP00000371000,Receptor
9606.ENSP00000442626,Receptor
9606.ENSP00000492957,Receptor
9606.ENSP00000498321,Receptor
9606.ENSP00000343782,Receptor
9606.ENSP00000493401,Receptor
9606.ENSP00000492902,Receptor
9606.ENSP00000339435,Receptor
9606.ENSP00000260197,Receptor
9606.ENSP00000420443,Receptor
9606.ENSP00000380321,Receptor
9606.ENSP00000306844,Receptor
9606.ENSP00000266068,Receptor
9606.ENSP00000324534,Receptor
9606.ENSP00000403660,Receptor
9606.ENSP00000293441,Receptor
9606.ENSP00000292524,Receptor
9606.ENSP00000366248,Receptor
9606.ENSP00000266551,Receptor
9606.ENSP00000262178,Receptor
9606.ENSP00000324532,Receptor
9606.ENSP00000298440,Receptor
9606.ENSP00000364210,Receptor
9606.ENSP00000369960,Receptor
9606.ENSP00000261837,Receptor
9606.ENSP00000282486,Receptor
9606.ENSP00000357679,Receptor
9606.ENSP00000308689,Receptor
9606.ENSP00000335025,Receptor
9606.ENSP00000379365,Receptor
9606.ENSP00000363089,Receptor
9606.ENSP00000332963,Receptor
9606.ENSP00000325128,Receptor
9606.ENSP00000494254,Receptor
9606.ENSP00000367930,Receptor
9606.ENSP00000492944,Receptor
9606.ENSP00000233154,Receptor
9606.ENSP00000334456,Receptor
9606.ENSP00000475344,Receptor
9606.ENSP00000276198,Receptor
9606.ENSP00000296694,Receptor
9606.ENSP00000355114,Receptor
9606.ENSP00000298892,Receptor
9606.ENSP00000264634,Receptor
9606.ENSP00000364150,Receptor
9606.ENSP00000456782,Receptor
9606.ENSP00000327959,Receptor
9606.ENSP00000357906,Receptor
9606.ENSP00000246532,Receptor
9606.ENSP00000262726,Receptor
9606.ENSP00000299727,Receptor
9606.ENSP00000337946,Receptor
9606.ENSP00000260010,Receptor
9606.ENSP00000310405,Receptor
9606.ENSP00000356024,Receptor
9606.ENSP00000312367,Receptor
9606.ENSP00000444425,Receptor
9606.ENSP00000307734,Receptor
9606.ENSP00000414516,Receptor
9606.ENSP00000339191,Receptor
9606.ENSP00000386660,Receptor
9606.ENSP00000296142,Receptor
9606.ENSP00000348069,Receptor
9606.ENSP00000327599,Receptor
9606.ENSP00000261652,Receptor
9606.ENSP00000310406,Receptor
9606.ENSP00000264039,Receptor
9606.ENSP00000493338,Receptor
9606.ENSP00000415078,Receptor
9606.ENSP00000301904,Receptor
9606.ENSP00000265441,Receptor
9606.ENSP00000241041,Receptor
9606.ENSP00000297146,Receptor
9606.ENSP00000462647,Receptor
9606.ENSP00000310632,Receptor
9606.ENSP00000493096,Receptor
9606.ENSP00000272847,Receptor
9606.ENSP00000298832,Receptor
9606.ENSP00000366340,Receptor
9606.ENSP00000375778,Receptor
9606.ENSP00000362195,Receptor
9606.ENSP00000369017,Receptor
9606.ENSP00000293662,Receptor
9606.ENSP00000356331,Receptor
9606.ENSP00000493272,Receptor
9606.ENSP00000356713,Receptor
9606.ENSP00000384053,Receptor
9606.ENSP00000438677,Receptor
9606.ENSP00000272641,Receptor
9606.ENSP00000347591,Receptor
9606.ENSP00000369198,Receptor
9606.ENSP00000349884,Receptor
9606.ENSP00000352288,Receptor
9606.ENSP00000222399,Receptor
9606.ENSP00000389072,Receptor
9606.ENSP00000217260,Receptor
9606.ENSP00000343701,Receptor
9606.ENSP00000463051,Receptor
9606.ENSP00000478993,Receptor
9606.ENSP00000358310,Receptor
9606.ENSP00000219169,Receptor
9606.ENSP00000498258,Receptor
9606.ENSP00000368678,Receptor
9606.ENSP00000388823,Receptor
9606.ENSP00000493024,Receptor
9606.ENSP00000253796,Receptor
9606.ENSP00000298854,Receptor
9606.ENSP00000368766,Receptor
9606.ENSP00000321338,Receptor
9606.ENSP00000341581,Receptor
9606.ENSP00000305469,Receptor
9606.ENSP00000222573,Receptor
9606.ENSP00000386180,Receptor
9606.ENSP00000342356,Receptor
9606.ENSP00000219596,Receptor
9606.ENSP00000357051,Receptor
9606.ENSP00000434516,Receptor
9606.ENSP00000493148,Receptor
9606.ENSP00000284311,Receptor
9606.ENSP00000317144,Receptor
9606.ENSP00000267102,Receptor
9606.ENSP00000302079,Receptor
9606.ENSP00000422464,Receptor
9606.ENSP00000493137,Receptor
9606.ENSP00000493342,Receptor
9606.ENSP00000432279,Receptor
9606.ENSP00000435648,Receptor
9606.ENSP00000317817,Receptor
9606.ENSP00000359464,Receptor
9606.ENSP00000228918,Receptor
9606.ENSP00000424040,Receptor
9606.ENSP00000323928,Receptor
9606.ENSP00000310773,Receptor
9606.ENSP00000321447,Receptor
9606.ENSP00000312082,Receptor
9606.ENSP00000290974,Receptor
9606.ENSP00000433102,Receptor
9606.ENSP00000473159,Receptor
9606.ENSP00000370034,Receptor
9606.ENSP00000492958,Receptor
9606.ENSP00000379496,Receptor
9606.ENSP00000258400,Receptor
9606.ENSP00000296140,Receptor
9606.ENSP00000361112,Receptor
9606.ENSP00000470813,Receptor
9606.ENSP00000296266,Receptor
9606.ENSP00000341206,Receptor
9606.ENSP00000365529,Receptor
9606.ENSP00000297258,Receptor
9606.ENSP00000331823,Receptor
9606.ENSP00000369744,Receptor
9606.ENSP00000361900,Receptor
9606.ENSP00000302569,Receptor
9606.ENSP00000314992,Receptor
9606.ENSP00000395704,Receptor
9606.ENSP00000369816,Receptor
9606.ENSP00000363911,Receptor
9606.ENSP00000314324,Receptor
9606.ENSP00000269593,Receptor
9606.ENSP00000493316,Receptor
9606.ENSP00000381876,Receptor
9606.ENSP00000326432,Receptor
9606.ENSP00000359765,Receptor
9606.ENSP00000267549,Receptor
9606.ENSP00000356906,Receptor
9606.ENSP00000307831,Receptor
